t,target_x,target_y,target_z,drone_x,drone_y,drone_z,drone_vx,drone_vy,drone_vz,target_vx,target_vy,target_vz,vx_cmd,vy_cmd,vz_cmd
0,0.05,0,0,-6.9875,-1.5,0,20.25,10,0,1,0,0,20.25,10,0
0.05,0.1,0,0,-7.02562,-1.525,0,-0.7625,-0.5,0,1,0,0,-0.7625,-0.5,0
0.1,0.15,0,0,-6.84922,-1.44375,0,3.52812,1.625,0,1,0,0,3.52812,1.625,0
0.15,0.2,0,0,-6.72204,-1.38781,0,2.54359,1.11875,0,1,0,0,2.54359,1.11875,0
0.2,0.25,0,0,-6.58887,-1.32961,0,2.66332,1.16406,0,1,0,0,2.66332,1.16406,0
0.25,0.3,0,0,-6.46106,-1.27477,0,2.55621,1.0968,0,1,0,0,2.55621,1.0968,0
0.3,0.35,0,0,-6.33607,-1.222,0,2.49982,1.05541,0,1,0,0,2.49982,1.05541,0
0.35,0.4,0,0,-6.21427,-1.17145,0,2.43611,1.01092,0,1,0,0,2.43611,1.01092,0
0.4,0.45,0,0,-6.09541,-1.12299,0,2.37704,0.96927,0,1,0,0,2.37704,0.96927,0
0.45,0.5,0,0,-5.97941,-1.07653,0,2.32001,0.929136,0,1,0,0,2.32001,0.929136,0
0.5,0.55,0,0,-5.86614,-1.032,0,2.26541,0.890706,0,1,0,0,2.26541,0.890706,0
0.55,0.6,0,0,-5.75549,-0.989305,0,2.21306,0.853856,0,1,0,0,2.21306,0.853856,0
0.6,0.65,0,0,-5.64735,-0.948378,0,2.16288,0.818533,0,1,0,0,2.16288,0.818533,0
0.65,0.7,0,0,-5.54161,-0.909145,0,2.11477,0.784671,0,1,0,0,2.11477,0.784671,0
0.7,0.75,0,0,-5.43817,-0.871534,0,2.06865,0.75221,0,1,0,0,2.06865,0.75221,0
0.75,0.8,0,0,-5.33695,-0.835479,0,2.02444,0.721092,0,1,0,0,2.02444,0.721092,0
0.8,0.85,0,0,-5.23785,-0.800916,0,1.98206,0.691261,0,1,0,0,1.98206,0.691261,0
0.85,0.9,0,0,-5.14078,-0.767783,0,1.94144,0.662664,0,1,0,0,1.94144,0.662664,0
0.9,0.95,0,0,-5.04565,-0.736021,0,1.90249,0.63525,0,1,0,0,1.90249,0.63525,0
0.95,1,0,0,-4.9524,-0.705572,0,1.86516,0.608971,0,1,0,0,1.86516,0.608971,0
1,1.05,0,0,-4.86093,-0.676383,0,1.82936,0.583778,0,1,0,0,1.82936,0.583778,0
1.05,1.1,0,0,-4.77117,-0.648402,0,1.79505,0.559628,0,1,0,0,1.79505,0.559628,0
1.1,1.15,0,0,-4.68307,-0.621578,0,1.76216,0.536476,0,1,0,0,1.76216,0.536476,0
1.15,1.2,0,0,-4.59653,-0.595864,0,1.73063,0.514283,0,1,0,0,1.73063,0.514283,0
1.2,1.25,0,0,-4.51151,-0.571214,0,1.70041,0.493007,0,1,0,0,1.70041,0.493007,0
1.25,1.3,0,0,-4.42794,-0.547583,0,1.67143,0.472612,0,1,0,0,1.67143,0.472612,0
1.3,1.35,0,0,-4.34576,-0.52493,0,1.64366,0.453061,0,1,0,0,1.64366,0.453061,0
1.35,1.4,0,0,-4.26491,-0.503214,0,1.61703,0.434318,0,1,0,0,1.61703,0.434318,0
1.4,1.45,0,0,-4.18533,-0.482396,0,1.5915,0.41635,0,1,0,0,1.5915,0.41635,0
1.45,1.5,0,0,-4.10698,-0.46244,0,1.56703,0.399126,0,1,0,0,1.56703,0.399126,0
1.5,1.55,0,0,-4.0298,-0.443309,0,1.54358,0.382615,0,1,0,0,1.54358,0.382615,0
1.55,1.6,0,0,-3.95375,-0.42497,0,1.52109,0.366786,0,1,0,0,1.52109,0.366786,0
1.6,1.65,0,0,-3.87877,-0.407389,0,1.49953,0.351613,0,1,0,0,1.49953,0.351613,0
1.65,1.7,0,0,-3.80483,-0.390536,0,1.47887,0.337067,0,1,0,0,1.47887,0.337067,0
1.7,1.75,0,0,-3.73188,-0.37438,0,1.45906,0.323123,0,1,0,0,1.45906,0.323123,0
1.75,1.8,0,0,-3.65987,-0.358892,0,1.44006,0.309755,0,1,0,0,1.44006,0.309755,0
1.8,1.85,0,0,-3.58878,-0.344045,0,1.42186,0.296941,0,1,0,0,1.42186,0.296941,0
1.85,1.9,0,0,-3.51856,-0.329812,0,1.40441,0.284657,0,1,0,0,1.40441,0.284657,0
1.9,1.95,0,0,-3.44918,-0.316168,0,1.38768,0.272881,0,1,0,0,1.38768,0.272881,0
1.95,2,0,0,-3.38059,-0.303089,0,1.37164,0.261592,0,1,0,0,1.37164,0.261592,0
2,2.05,0,0,-3.31278,-0.29055,0,1.35627,0.25077,0,1,0,0,1.35627,0.25077,0
2.05,2.1,0,0,-3.2457,-0.27853,0,1.34153,0.240396,0,1,0,0,1.34153,0.240396,0
2.1,2.15,0,0,-3.17933,-0.267008,0,1.3274,0.230451,0,1,0,0,1.3274,0.230451,0
2.15,2.2,0,0,-3.11364,-0.255962,0,1.31385,0.220918,0,1,0,0,1.31385,0.220918,0
2.2,2.25,0,0,-3.0486,-0.245373,0,1.30087,0.211778,0,1,0,0,1.30087,0.211778,0
2.25,2.3,0,0,-2.98418,-0.235222,0,1.28842,0.203017,0,1,0,0,1.28842,0.203017,0
2.3,2.35,0,0,-2.92035,-0.225491,0,1.27649,0.194619,0,1,0,0,1.27649,0.194619,0
2.35,2.4,0,0,-2.8571,-0.216163,0,1.26505,0.186567,0,1,0,0,1.26505,0.186567,0
2.4,2.45,0,0,-2.79439,-0.20722,0,1.25409,0.178849,0,1,0,0,1.25409,0.178849,0
2.45,2.5,0,0,-2.73222,-0.198648,0,1.24358,0.17145,0,1,0,0,1.24358,0.17145,0
2.5,2.55,0,0,-2.67054,-0.19043,0,1.2335,0.164358,0,1,0,0,1.2335,0.164358,0
2.55,2.6,0,0,-2.60935,-0.182552,0,1.22384,0.157558,0,1,0,0,1.22384,0.157558,0
2.6,2.65,0,0,-2.54862,-0.175,0,1.21458,0.15104,0,1,0,0,1.21458,0.15104,0
2.65,2.7,0,0,-2.48833,-0.16776,0,1.2057,0.144792,0,1,0,0,1.2057,0.144792,0
2.7,2.75,0,0,-2.42847,-0.16082,0,1.19719,0.138802,0,1,0,0,1.19719,0.138802,0
2.75,2.8,0,0,-2.36902,-0.154167,0,1.18904,0.13306,0,1,0,0,1.18904,0.13306,0
2.8,2.85,0,0,-2.30996,-0.14779,0,1.18122,0.127555,0,1,0,0,1.18122,0.127555,0
2.85,2.9,0,0,-2.25128,-0.141676,0,1.17372,0.122278,0,1,0,0,1.17372,0.122278,0
2.9,2.95,0,0,-2.19295,-0.135815,0,1.16653,0.11722,0,1,0,0,1.16653,0.11722,0
2.95,3,0,0,-2.13497,-0.130196,0,1.15964,0.112371,0,1,0,0,1.15964,0.112371,0
3,3.05,0,0,-2.07732,-0.12481,0,1.15304,0.107722,0,1,0,0,1.15304,0.107722,0
3.05,3.1,0,0,-2.01998,-0.119647,0,1.14671,0.103266,0,1,0,0,1.14671,0.103266,0
3.1,3.15,0,0,-1.96295,-0.114697,0,1.14064,0.0989936,0,1,0,0,1.14064,0.0989936,0
3.15,3.2,0,0,-1.90621,-0.109952,0,1.13482,0.0948983,0,1,0,0,1.13482,0.0948983,0
3.2,3.25,0,0,-1.84975,-0.105403,0,1.12924,0.0909725,0,1,0,0,1.12924,0.0909725,0
3.25,3.3,0,0,-1.79355,-0.101043,0,1.1239,0.087209,0,1,0,0,1.1239,0.087209,0
3.3,3.35,0,0,-1.73761,-0.096863,0,1.11877,0.0836012,0,1,0,0,1.11877,0.0836012,0
3.35,3.4,0,0,-1.68192,-0.0928558,0,1.11386,0.0801427,0,1,0,0,1.11386,0.0801427,0
3.4,3.45,0,0,-1.62646,-0.0890145,0,1.10915,0.0768273,0,1,0,0,1.10915,0.0768273,0
3.45,3.5,0,0,-1.57123,-0.085332,0,1.10463,0.073649,0,1,0,0,1.10463,0.073649,0
3.5,3.55,0,0,-1.51621,-0.0818019,0,1.1003,0.0706022,0,1,0,0,1.1003,0.0706022,0
3.55,3.6,0,0,-1.46141,-0.0784178,0,1.09615,0.0676815,0,1,0,0,1.09615,0.0676815,0
3.6,3.65,0,0,-1.4068,-0.0751738,0,1.09218,0.0648815,0,1,0,0,1.09218,0.0648815,0
3.65,3.7,0,0,-1.35238,-0.0720639,0,1.08836,0.0621975,0,1,0,0,1.08836,0.0621975,0
3.7,3.75,0,0,-1.29814,-0.0690827,0,1.08471,0.0596244,0,1,0,0,1.08471,0.0596244,0
3.75,3.8,0,0,-1.24408,-0.0662248,0,1.0812,0.0571578,0,1,0,0,1.0812,0.0571578,0
3.8,3.85,0,0,-1.19019,-0.0634851,0,1.07784,0.0547932,0,1,0,0,1.07784,0.0547932,0
3.85,3.9,0,0,-1.13646,-0.0608588,0,1.07462,0.0525265,0,1,0,0,1.07462,0.0525265,0
3.9,3.95,0,0,-1.08288,-0.0583411,0,1.07154,0.0503535,0,1,0,0,1.07154,0.0503535,0
3.95,4,0,0,-1.02946,-0.0559276,0,1.06858,0.0482704,0,1,0,0,1.06858,0.0482704,0
4,4.05,0,0,-0.976168,-0.0536139,0,1.06574,0.0462735,0,1,0,0,1.06574,0.0462735,0
4.05,4.1,0,0,-0.923017,-0.051396,0,1.06302,0.0443592,0,1,0,0,1.06302,0.0443592,0
4.1,4.15,0,0,-0.869997,-0.0492698,0,1.06041,0.0425241,0,1,0,0,1.06041,0.0425241,0
4.15,4.2,0,0,-0.817101,-0.0472315,0,1.05791,0.0407649,0,1,0,0,1.05791,0.0407649,0
4.2,4.25,0,0,-0.764325,-0.0452776,0,1.05552,0.0390785,0,1,0,0,1.05552,0.0390785,0
4.25,4.3,0,0,-0.711664,-0.0434045,0,1.05322,0.0374619,0,1,0,0,1.05322,0.0374619,0
4.3,4.35,0,0,-0.659113,-0.0416089,0,1.05102,0.0359121,0,1,0,0,1.05102,0.0359121,0
4.35,4.4,0,0,-0.606668,-0.0398876,0,1.04891,0.0344265,0,1,0,0,1.04891,0.0344265,0
4.4,4.45,0,0,-0.554323,-0.0382374,0,1.04689,0.0330023,0,1,0,0,1.04689,0.0330023,0
4.45,4.5,0,0,-0.502076,-0.0366556,0,1.04495,0.031637,0,1,0,0,1.04495,0.031637,0
4.5,4.55,0,0,-0.449922,-0.0351392,0,1.04309,0.0303282,0,1,0,0,1.04309,0.0303282,0
4.55,4.6,0,0,-0.397856,-0.0336855,0,1.0413,0.0290735,0,1,0,0,1.0413,0.0290735,0
4.6,4.65,0,0,-0.345877,-0.032292,0,1.0396,0.0278708,0,1,0,0,1.0396,0.0278708,0
4.65,4.7,0,0,-0.293979,-0.0309561,0,1.03796,0.0267178,0,1,0,0,1.03796,0.0267178,0
4.7,4.75,0,0,-0.242159,-0.0296755,0,1.03639,0.0256125,0,1,0,0,1.03639,0.0256125,0
4.75,4.8,0,0,-0.190415,-0.0284478,0,1.03488,0.024553,0,1,0,0,1.03488,0.024553,0
4.8,4.85,0,0,-0.138743,-0.0272709,0,1.03344,0.0235372,0,1,0,0,1.03344,0.0235372,0
4.85,4.9,0,0,-0.0871406,-0.0261428,0,1.03206,0.0225635,0,1,0,0,1.03206,0.0225635,0
4.9,4.95,0,0,-0.0356042,-0.0250613,0,1.03073,0.0216301,0,1,0,0,1.03073,0.0216301,0
4.95,5,0,0,0.0158688,-0.0240245,0,1.02946,0.0207353,0,1,0,0,1.02946,0.0207353,0
5,5.05,0,0,0.0672807,-0.0230306,0,1.02824,0.0198775,0,1,0,0,1.02824,0.0198775,0
5.05,5.1,0,0,0.118634,-0.0220779,0,1.02707,0.0190551,0,1,0,0,1.02707,0.0190551,0
5.1,5.15,0,0,0.169932,-0.0211645,0,1.02595,0.0182668,0,1,0,0,1.02595,0.0182668,0
5.15,5.2,0,0,0.221176,-0.020289,0,1.02488,0.0175112,0,1,0,0,1.02488,0.0175112,0
5.2,5.25,0,0,0.272368,-0.0194496,0,1.02385,0.0167867,0,1,0,0,1.02385,0.0167867,0
5.25,5.3,0,0,0.323511,-0.018645,0,1.02286,0.0160923,0,1,0,0,1.02286,0.0160923,0
5.3,5.35,0,0,0.374607,-0.0178737,0,1.02192,0.0154266,0,1,0,0,1.02192,0.0154266,0
5.35,5.4,0,0,0.425658,-0.0171343,0,1.02101,0.0147884,0,1,0,0,1.02101,0.0147884,0
5.4,5.45,0,0,0.476665,-0.0164254,0,1.02014,0.0141766,0,1,0,0,1.02014,0.0141766,0
5.45,5.5,0,0,0.52763,-0.0157459,0,1.01931,0.0135901,0,1,0,0,1.01931,0.0135901,0
5.5,5.55,0,0,0.578555,-0.0150945,0,1.01851,0.0130279,0,1,0,0,1.01851,0.0130279,0
5.55,5.6,0,0,0.629443,-0.0144701,0,1.01774,0.012489,0,1,0,0,1.01774,0.012489,0
5.6,5.65,0,0,0.680293,-0.0138715,0,1.01701,0.0119723,0,1,0,0,1.01701,0.0119723,0
5.65,5.7,0,0,0.731108,-0.0132976,0,1.01631,0.011477,0,1,0,0,1.01631,0.011477,0
5.7,5.75,0,0,0.78189,-0.0127475,0,1.01563,0.0110022,0,1,0,0,1.01563,0.0110022,0
5.75,5.8,0,0,0.832639,-0.0122202,0,1.01498,0.0105471,0,1,0,0,1.01498,0.0105471,0
5.8,5.85,0,0,0.883357,-0.0117146,0,1.01436,0.0101108,0,1,0,0,1.01436,0.0101108,0
5.85,5.9,0,0,0.934046,-0.01123,0,1.01377,0.00969248,0,1,0,0,1.01377,0.00969248,0
5.9,5.95,0,0,0.984706,-0.0107654,0,1.0132,0.00929151,0,1,0,0,1.0132,0.00929151,0
5.95,6,0,0,1.03534,-0.0103201,0,1.01265,0.00890713,0,1,0,0,1.01265,0.00890713,0
6,6.05,0,0,1.08594,-0.00989314,0,1.01213,0.00853865,0,1,0,0,1.01213,0.00853865,0
6.05,6.1,0,0,1.13653,-0.00948387,0,1.01163,0.00818541,0,1,0,0,1.01163,0.00818541,0
6.1,6.15,0,0,1.18708,-0.00909153,0,1.01115,0.00784679,0,1,0,0,1.01115,0.00784679,0
6.15,6.2,0,0,1.23762,-0.00871542,0,1.01069,0.00752217,0,1,0,0,1.01069,0.00752217,0
6.2,6.25,0,0,1.28813,-0.00835487,0,1.01024,0.00721099,0,1,0,0,1.01024,0.00721099,0
6.25,6.3,0,0,1.33862,-0.00800924,0,1.00982,0.00691267,0,1,0,0,1.00982,0.00691267,0
6.3,6.35,0,0,1.38909,-0.0076779,0,1.00941,0.0066267,0,1,0,0,1.00941,0.0066267,0
6.35,6.4,0,0,1.43954,-0.00736027,0,1.00902,0.00635256,0,1,0,0,1.00902,0.00635256,0
6.4,6.45,0,0,1.48998,-0.00705579,0,1.00865,0.00608976,0,1,0,0,1.00865,0.00608976,0
6.45,6.5,0,0,1.54039,-0.00676389,0,1.00829,0.00583783,0,1,0,0,1.00829,0.00583783,0
6.5,6.55,0,0,1.59079,-0.00648408,0,1.00795,0.00559633,0,1,0,0,1.00795,0.00559633,0
6.55,6.6,0,0,1.64117,-0.00621584,0,1.00762,0.00536481,0,1,0,0,1.00762,0.00536481,0
6.6,6.65,0,0,1.69153,-0.00595869,0,1.00731,0.00514288,0,1,0,0,1.00731,0.00514288,0
6.65,6.7,0,0,1.74188,-0.00571219,0,1.007,0.00493012,0,1,0,0,1.007,0.00493012,0
6.7,6.75,0,0,1.79222,-0.00547588,0,1.00671,0.00472616,0,1,0,0,1.00671,0.00472616,0
6.75,6.8,0,0,1.84254,-0.00524935,0,1.00644,0.00453065,0,1,0,0,1.00644,0.00453065,0
6.8,6.85,0,0,1.89285,-0.00503219,0,1.00617,0.00434322,0,1,0,0,1.00617,0.00434322,0
6.85,6.9,0,0,1.94315,-0.00482401,0,1.00592,0.00416354,0,1,0,0,1.00592,0.00416354,0
6.9,6.95,0,0,1.99343,-0.00462444,0,1.00567,0.0039913,0,1,0,0,1.00567,0.0039913,0
6.95,7,0,0,2.0437,-0.00443314,0,1.00544,0.00382618,0,1,0,0,1.00544,0.00382618,0
7,7.05,0,0,2.09396,-0.00424974,0,1.00521,0.0036679,0,1,0,0,1.00521,0.0036679,0
7.05,7.1,0,0,2.14421,-0.00407393,0,1.005,0.00351616,0,1,0,0,1.005,0.00351616,0
7.1,7.15,0,0,2.19445,-0.0039054,0,1.00479,0.0033707,0,1,0,0,1.00479,0.0033707,0
7.15,7.2,0,0,2.24468,-0.00374383,0,1.00459,0.00323126,0,1,0,0,1.00459,0.00323126,0
7.2,7.25,0,0,2.2949,-0.00358896,0,1.0044,0.00309758,0,1,0,0,1.0044,0.00309758,0
7.25,7.3,0,0,2.34511,-0.00344048,0,1.00422,0.00296944,0,1,0,0,1.00422,0.00296944,0
7.3,7.35,0,0,2.39531,-0.00329815,0,1.00404,0.0028466,0,1,0,0,1.00404,0.0028466,0
7.35,7.4,0,0,2.44551,-0.00316171,0,1.00388,0.00272883,0,1,0,0,1.00388,0.00272883,0
7.4,7.45,0,0,2.49569,-0.00303091,0,1.00372,0.00261594,0,1,0,0,1.00372,0.00261594,0
7.45,7.5,0,0,2.54587,-0.00290553,0,1.00356,0.00250773,0,1,0,0,1.00356,0.00250773,0
7.5,7.55,0,0,2.59604,-0.00278533,0,1.00342,0.00240398,0,1,0,0,1.00342,0.00240398,0
7.55,7.6,0,0,2.64621,-0.0026701,0,1.00327,0.00230453,0,1,0,0,1.00327,0.00230453,0
7.6,7.65,0,0,2.69636,-0.00255964,0,1.00314,0.0022092,0,1,0,0,1.00314,0.0022092,0
7.65,7.7,0,0,2.74651,-0.00245375,0,1.00301,0.0021178,0,1,0,0,1.00301,0.0021178,0
7.7,7.75,0,0,2.79666,-0.00235224,0,1.00288,0.00203019,0,1,0,0,1.00288,0.00203019,0
7.75,7.8,0,0,2.8468,-0.00225493,0,1.00276,0.0019462,0,1,0,0,1.00276,0.0019462,0
7.8,7.85,0,0,2.89693,-0.00216165,0,1.00265,0.00186569,0,1,0,0,1.00265,0.00186569,0
7.85,7.9,0,0,2.94706,-0.00207222,0,1.00254,0.00178851,0,1,0,0,1.00254,0.00178851,0
7.9,7.95,0,0,2.99718,-0.0019865,0,1.00244,0.00171452,0,1,0,0,1.00244,0.00171452,0
7.95,8,0,0,3.04729,-0.00190432,0,1.00234,0.00164359,0,1,0,0,1.00234,0.00164359,0
8,8.05,0,0,3.09741,-0.00182554,0,1.00224,0.0015756,0,1,0,0,1.00224,0.0015756,0
8.05,8.1,0,0,3.14751,-0.00175002,0,1.00215,0.00151042,0,1,0,0,1.00215,0.00151042,0
8.1,8.15,0,0,3.19762,-0.00167762,0,1.00206,0.00144793,0,1,0,0,1.00206,0.00144793,0
8.15,8.2,0,0,3.24772,-0.00160822,0,1.00197,0.00138803,0,1,0,0,1.00197,0.00138803,0
8.2,8.25,0,0,3.29781,-0.00154169,0,1.00189,0.00133061,0,1,0,0,1.00189,0.00133061,0
8.25,8.3,0,0,3.3479,-0.00147791,0,1.00181,0.00127557,0,1,0,0,1.00181,0.00127557,0
8.3,8.35,0,0,3.39799,-0.00141677,0,1.00174,0.0012228,0,1,0,0,1.00174,0.0012228,0
8.35,8.4,0,0,3.44807,-0.00135816,0,1.00167,0.00117221,0,1,0,0,1.00167,0.00117221,0
8.4,8.45,0,0,3.49815,-0.00130197,0,1.0016,0.00112372,0,1,0,0,1.0016,0.00112372,0
8.45,8.5,0,0,3.54823,-0.00124811,0,1.00153,0.00107723,0,1,0,0,1.00153,0.00107723,0
8.5,8.55,0,0,3.5983,-0.00119648,0,1.00147,0.00103267,0,1,0,0,1.00147,0.00103267,0
8.55,8.6,0,0,3.64837,-0.00114698,0,1.00141,0.000989945,0,1,0,0,1.00141,0.000989945,0
8.6,8.65,0,0,3.69844,-0.00109953,0,1.00135,0.000948992,0,1,0,0,1.00135,0.000948992,0
8.65,8.7,0,0,3.7485,-0.00105404,0,1.00129,0.000909733,0,1,0,0,1.00129,0.000909733,0
8.7,8.75,0,0,3.79856,-0.00101044,0,1.00124,0.000872098,0,1,0,0,1.00124,0.000872098,0
8.75,8.8,0,0,3.84862,-0.000968639,0,1.00119,0.00083602,0,1,0,0,1.00119,0.00083602,0
8.8,8.85,0,0,3.89868,-0.000928567,0,1.00114,0.000801435,0,1,0,0,1.00114,0.000801435,0
8.85,8.9,0,0,3.94874,-0.000890153,0,1.00109,0.00076828,0,1,0,0,1.00109,0.00076828,0
8.9,8.95,0,0,3.99879,-0.000853328,0,1.00105,0.000736497,0,1,0,0,1.00105,0.000736497,0
8.95,9,0,0,4.04884,-0.000818027,0,1.001,0.000706029,0,1,0,0,1.001,0.000706029,0
9,9.05,0,0,4.09889,-0.000784186,0,1.00096,0.000676821,0,1,0,0,1.00096,0.000676821,0
9.05,9.1,0,0,4.14893,-0.000751745,0,1.00092,0.000648821,0,1,0,0,1.00092,0.000648821,0
9.1,9.15,0,0,4.19898,-0.000720646,0,1.00088,0.00062198,0,1,0,0,1.00088,0.00062198,0
9.15,9.2,0,0,4.24902,-0.000690833,0,1.00085,0.00059625,0,1,0,0,1.00085,0.00059625,0
9.2,9.25,0,0,4.29906,-0.000662254,0,1.00081,0.000571583,0,1,0,0,1.00081,0.000571583,0
9.25,9.3,0,0,4.3491,-0.000634857,0,1.00078,0.000547937,0,1,0,0,1.00078,0.000547937,0
9.3,9.35,0,0,4.39914,-0.000608594,0,1.00075,0.00052527,0,1,0,0,1.00075,0.00052527,0
9.35,9.4,0,0,4.44917,-0.000583417,0,1.00072,0.00050354,0,1,0,0,1.00072,0.00050354,0
9.4,9.45,0,0,4.49921,-0.000559281,0,1.00069,0.000482709,0,1,0,0,1.00069,0.000482709,0
9.45,9.5,0,0,4.54924,-0.000536144,0,1.00066,0.000462739,0,1,0,0,1.00066,0.000462739,0
9.5,9.55,0,0,4.59927,-0.000513964,0,1.00063,0.000443596,0,1,0,0,1.00063,0.000443596,0
9.55,9.6,0,0,4.6493,-0.000492702,0,1.0006,0.000425245,0,1,0,0,1.0006,0.000425245,0
9.6,9.65,0,0,4.69933,-0.000472319,0,1.00058,0.000407653,0,1,0,0,1.00058,0.000407653,0
9.65,9.7,0,0,4.74936,-0.00045278,0,1.00056,0.000390789,0,1,0,0,1.00056,0.000390789,0
9.7,9.75,0,0,4.79938,-0.000434049,0,1.00053,0.000374622,0,1,0,0,1.00053,0.000374622,0
9.75,9.8,0,0,4.84941,-0.000416093,0,1.00051,0.000359124,0,1,0,0,1.00051,0.000359124,0
9.8,9.85,0,0,4.89943,-0.000398879,0,1.00049,0.000344268,0,1,0,0,1.00049,0.000344268,0
9.85,9.9,0,0,4.94946,-0.000382378,0,1.00047,0.000330026,0,1,0,0,1.00047,0.000330026,0
9.9,9.95,0,0,4.99948,-0.000366559,0,1.00045,0.000316373,0,1,0,0,1.00045,0.000316373,0
9.95,10,0,0,5.0495,-0.000351395,0,1.00043,0.000303285,0,1,0,0,1.00043,0.000303285,0
10,10.05,0,0,5.09952,-0.000336858,0,1.00041,0.000290738,0,1,0,0,1.00041,0.000290738,0
10.05,10.1,0,0,5.14954,-0.000322923,0,1.0004,0.000278711,0,1,0,0,1.0004,0.000278711,0
10.1,10.15,0,0,5.19956,-0.000309564,0,1.00038,0.000267181,0,1,0,0,1.00038,0.000267181,0
10.15,10.2,0,0,5.24958,-0.000296757,0,1.00036,0.000256128,0,1,0,0,1.00036,0.000256128,0
10.2,10.25,0,0,5.2996,-0.000284481,0,1.00035,0.000245532,0,1,0,0,1.00035,0.000245532,0
10.25,10.3,0,0,5.34961,-0.000272712,0,1.00033,0.000235374,0,1,0,0,1.00033,0.000235374,0
10.3,10.35,0,0,5.39963,-0.00026143,0,1.00032,0.000225637,0,1,0,0,1.00032,0.000225637,0
10.35,10.4,0,0,5.44964,-0.000250615,0,1.00031,0.000216303,0,1,0,0,1.00031,0.000216303,0
10.4,10.45,0,0,5.49966,-0.000240247,0,1.00029,0.000207354,0,1,0,0,1.00029,0.000207354,0
10.45,10.5,0,0,5.54967,-0.000230308,0,1.00028,0.000198776,0,1,0,0,1.00028,0.000198776,0
10.5,10.55,0,0,5.59969,-0.000220781,0,1.00027,0.000190553,0,1,0,0,1.00027,0.000190553,0
10.55,10.6,0,0,5.6497,-0.000211647,0,1.00026,0.00018267,0,1,0,0,1.00026,0.00018267,0
10.6,10.65,0,0,5.69971,-0.000202892,0,1.00025,0.000175113,0,1,0,0,1.00025,0.000175113,0
10.65,10.7,0,0,5.74972,-0.000194498,0,1.00024,0.000167869,0,1,0,0,1.00024,0.000167869,0
10.7,10.75,0,0,5.79974,-0.000186452,0,1.00023,0.000160924,0,1,0,0,1.00023,0.000160924,0
10.75,10.8,0,0,5.84975,-0.000178739,0,1.00022,0.000154267,0,1,0,0,1.00022,0.000154267,0
10.8,10.85,0,0,5.89976,-0.000171344,0,1.00021,0.000147885,0,1,0,0,1.00021,0.000147885,0
10.85,10.9,0,0,5.94977,-0.000164256,0,1.0002,0.000141767,0,1,0,0,1.0002,0.000141767,0
10.9,10.95,0,0,5.99978,-0.000157461,0,1.00019,0.000135903,0,1,0,0,1.00019,0.000135903,0
10.95,11,0,0,6.04979,-0.000150947,0,1.00019,0.00013028,0,1,0,0,1.00019,0.00013028,0
11,11.05,0,0,6.09979,-0.000144702,0,1.00018,0.000124891,0,1,0,0,1.00018,0.000124891,0
11.05,11.1,0,0,6.1498,-0.000138716,0,1.00017,0.000119724,0,1,0,0,1.00017,0.000119724,0
11.1,11.15,0,0,6.19981,-0.000132978,0,1.00016,0.000114771,0,1,0,0,1.00016,0.000114771,0
11.15,11.2,0,0,6.24982,-0.000127476,0,1.00016,0.000110023,0,1,0,0,1.00016,0.000110023,0
11.2,11.25,0,0,6.29983,-0.000122203,0,1.00015,0.000105472,0,1,0,0,1.00015,0.000105472,0
11.25,11.3,0,0,6.34983,-0.000117147,0,1.00014,0.000101108,0,1,0,0,1.00014,0.000101108,0
11.3,11.35,0,0,6.39984,-0.000112301,0,1.00014,9.69257e-05,0,1,0,0,1.00014,9.69257e-05,0
11.35,11.4,0,0,6.44985,-0.000107655,0,1.00013,9.29159e-05,0,1,0,0,1.00013,9.29159e-05,0
11.4,11.45,0,0,6.49985,-0.000103202,0,1.00013,8.90721e-05,0,1,0,0,1.00013,8.90721e-05,0
11.45,11.5,0,0,6.54986,-9.89323e-05,0,1.00012,8.53873e-05,0,1,0,0,1.00012,8.53873e-05,0
11.5,11.55,0,0,6.59987,-9.48396e-05,0,1.00012,8.18549e-05,0,1,0,0,1.00012,8.18549e-05,0
11.55,11.6,0,0,6.64987,-9.09161e-05,0,1.00011,7.84686e-05,0,1,0,0,1.00011,7.84686e-05,0
11.6,11.65,0,0,6.69988,-8.7155e-05,0,1.00011,7.52224e-05,0,1,0,0,1.00011,7.52224e-05,0
11.65,11.7,0,0,6.74988,-8.35495e-05,0,1.0001,7.21105e-05,0,1,0,0,1.0001,7.21105e-05,0
11.7,11.75,0,0,6.79989,-8.00931e-05,0,1.0001,6.91274e-05,0,1,0,0,1.0001,6.91274e-05,0
11.75,11.8,0,0,6.84989,-7.67797e-05,0,1.00009,6.62676e-05,0,1,0,0,1.00009,6.62676e-05,0
11.8,11.85,0,0,6.8999,-7.36034e-05,0,1.00009,6.35262e-05,0,1,0,0,1.00009,6.35262e-05,0
11.85,11.9,0,0,6.9499,-7.05585e-05,0,1.00009,6.08982e-05,0,1,0,0,1.00009,6.08982e-05,0
11.9,11.95,0,0,6.9999,-6.76396e-05,0,1.00008,5.83789e-05,0,1,0,0,1.00008,5.83789e-05,0
11.95,12,0,0,7.04991,-6.48414e-05,0,1.00008,5.59638e-05,0,1,0,0,1.00008,5.59638e-05,0
12,12.05,0,0,7.09991,-6.2159e-05,0,1.00008,5.36486e-05,0,1,0,0,1.00008,5.36486e-05,0
12.05,12.1,0,0,7.14992,-5.95875e-05,0,1.00007,5.14292e-05,0,1,0,0,1.00007,5.14292e-05,0
12.1,12.15,0,0,7.19992,-5.71224e-05,0,1.00007,4.93016e-05,0,1,0,0,1.00007,4.93016e-05,0
12.15,12.2,0,0,7.24992,-5.47593e-05,0,1.00007,4.72621e-05,0,1,0,0,1.00007,4.72621e-05,0
12.2,12.25,0,0,7.29993,-5.2494e-05,0,1.00006,4.53069e-05,0,1,0,0,1.00006,4.53069e-05,0
12.25,12.3,0,0,7.34993,-5.03223e-05,0,1.00006,4.34326e-05,0,1,0,0,1.00006,4.34326e-05,0
12.3,12.35,0,0,7.39993,-4.82405e-05,0,1.00006,4.16358e-05,0,1,0,0,1.00006,4.16358e-05,0
12.35,12.4,0,0,7.44993,-4.62449e-05,0,1.00006,3.99134e-05,0,1,0,0,1.00006,3.99134e-05,0
12.4,12.45,0,0,7.49994,-4.43318e-05,0,1.00005,3.82622e-05,0,1,0,0,1.00005,3.82622e-05,0
12.45,12.5,0,0,7.54994,-4.24978e-05,0,1.00005,3.66793e-05,0,1,0,0,1.00005,3.66793e-05,0
12.5,12.55,0,0,7.59994,-4.07397e-05,0,1.00005,3.51619e-05,0,1,0,0,1.00005,3.51619e-05,0
12.55,12.6,0,0,7.64994,-3.90543e-05,0,1.00005,3.37073e-05,0,1,0,0,1.00005,3.37073e-05,0
12.6,12.65,0,0,7.69995,-3.74387e-05,0,1.00005,3.23129e-05,0,1,0,0,1.00005,3.23129e-05,0
12.65,12.7,0,0,7.74995,-3.58899e-05,0,1.00004,3.09761e-05,0,1,0,0,1.00004,3.09761e-05,0
12.7,12.75,0,0,7.79995,-3.44052e-05,0,1.00004,2.96947e-05,0,1,0,0,1.00004,2.96947e-05,0
12.75,12.8,0,0,7.84995,-3.29818e-05,0,1.00004,2.84662e-05,0,1,0,0,1.00004,2.84662e-05,0
12.8,12.85,0,0,7.89996,-3.16174e-05,0,1.00004,2.72886e-05,0,1,0,0,1.00004,2.72886e-05,0
12.85,12.9,0,0,7.94996,-3.03094e-05,0,1.00004,2.61597e-05,0,1,0,0,1.00004,2.61597e-05,0
12.9,12.95,0,0,7.99996,-2.90556e-05,0,1.00004,2.50775e-05,0,1,0,0,1.00004,2.50775e-05,0
12.95,13,0,0,8.04996,-2.78535e-05,0,1.00003,2.40401e-05,0,1,0,0,1.00003,2.40401e-05,0
13,13.05,0,0,8.09996,-2.67013e-05,0,1.00003,2.30455e-05,0,1,0,0,1.00003,2.30455e-05,0
13.05,13.1,0,0,8.14996,-2.55967e-05,0,1.00003,2.20922e-05,0,1,0,0,1.00003,2.20922e-05,0
13.1,13.15,0,0,8.19997,-2.45378e-05,0,1.00003,2.11782e-05,0,1,0,0,1.00003,2.11782e-05,0
13.15,13.2,0,0,8.24997,-2.35226e-05,0,1.00003,2.03021e-05,0,1,0,0,1.00003,2.03021e-05,0
13.2,13.25,0,0,8.29997,-2.25495e-05,0,1.00003,1.94622e-05,0,1,0,0,1.00003,1.94622e-05,0
13.25,13.3,0,0,8.34997,-2.16167e-05,0,1.00003,1.86571e-05,0,1,0,0,1.00003,1.86571e-05,0
13.3,13.35,0,0,8.39997,-2.07224e-05,0,1.00003,1.78853e-05,0,1,0,0,1.00003,1.78853e-05,0
13.35,13.4,0,0,8.44997,-1.98652e-05,0,1.00002,1.71454e-05,0,1,0,0,1.00002,1.71454e-05,0
13.4,13.45,0,0,8.49997,-1.90433e-05,0,1.00002,1.64361e-05,0,1,0,0,1.00002,1.64361e-05,0
13.45,13.5,0,0,8.54997,-1.82555e-05,0,1.00002,1.57561e-05,0,1,0,0,1.00002,1.57561e-05,0
13.5,13.55,0,0,8.59998,-1.75003e-05,0,1.00002,1.51043e-05,0,1,0,0,1.00002,1.51043e-05,0
13.55,13.6,0,0,8.64998,-1.67764e-05,0,1.00002,1.44795e-05,0,1,0,0,1.00002,1.44795e-05,0
13.6,13.65,0,0,8.69998,-1.60823e-05,0,1.00002,1.38805e-05,0,1,0,0,1.00002,1.38805e-05,0
13.65,13.7,0,0,8.74998,-1.5417e-05,0,1.00002,1.33062e-05,0,1,0,0,1.00002,1.33062e-05,0
13.7,13.75,0,0,8.79998,-1.47792e-05,0,1.00002,1.27558e-05,0,1,0,0,1.00002,1.27558e-05,0
13.75,13.8,0,0,8.84998,-1.41678e-05,0,1.00002,1.22281e-05,0,1,0,0,1.00002,1.22281e-05,0
13.8,13.85,0,0,8.89998,-1.35817e-05,0,1.00002,1.17222e-05,0,1,0,0,1.00002,1.17222e-05,0
13.85,13.9,0,0,8.94998,-1.30199e-05,0,1.00002,1.12373e-05,0,1,0,0,1.00002,1.12373e-05,0
13.9,13.95,0,0,8.99998,-1.24812e-05,0,1.00002,1.07724e-05,0,1,0,0,1.00002,1.07724e-05,0
13.95,14,0,0,9.04998,-1.19649e-05,0,1.00001,1.03268e-05,0,1,0,0,1.00001,1.03268e-05,0
14,14.05,0,0,9.09998,-1.14699e-05,0,1.00001,9.89954e-06,0,1,0,0,1.00001,9.89954e-06,0
14.05,14.1,0,0,9.14998,-1.09954e-05,0,1.00001,9.49001e-06,0,1,0,0,1.00001,9.49001e-06,0
14.1,14.15,0,0,9.19999,-1.05405e-05,0,1.00001,9.09741e-06,0,1,0,0,1.00001,9.09741e-06,0
14.15,14.2,0,0,9.24999,-1.01045e-05,0,1.00001,8.72106e-06,0,1,0,0,1.00001,8.72106e-06,0
14.2,14.25,0,0,9.29999,-9.68648e-06,0,1.00001,8.36028e-06,0,1,0,0,1.00001,8.36028e-06,0
14.25,14.3,0,0,9.34999,-9.28576e-06,0,1.00001,8.01442e-06,0,1,0,0,1.00001,8.01442e-06,0
14.3,14.35,0,0,9.39999,-8.90161e-06,0,1.00001,7.68287e-06,0,1,0,0,1.00001,7.68287e-06,0
14.35,14.4,0,0,9.44999,-8.53336e-06,0,1.00001,7.36504e-06,0,1,0,0,1.00001,7.36504e-06,0
14.4,14.45,0,0,9.49999,-8.18034e-06,0,1.00001,7.06035e-06,0,1,0,0,1.00001,7.06035e-06,0
14.45,14.5,0,0,9.54999,-7.84193e-06,0,1.00001,6.76827e-06,0,1,0,0,1.00001,6.76827e-06,0
14.5,14.55,0,0,9.59999,-7.51752e-06,0,1.00001,6.48828e-06,0,1,0,0,1.00001,6.48828e-06,0
14.55,14.6,0,0,9.64999,-7.20652e-06,0,1.00001,6.21986e-06,0,1,0,0,1.00001,6.21986e-06,0
14.6,14.65,0,0,9.69999,-6.9084e-06,0,1.00001,5.96255e-06,0,1,0,0,1.00001,5.96255e-06,0
14.65,14.7,0,0,9.74999,-6.6226e-06,0,1.00001,5.71589e-06,0,1,0,0,1.00001,5.71589e-06,0
14.7,14.75,0,0,9.79999,-6.34863e-06,0,1.00001,5.47942e-06,0,1,0,0,1.00001,5.47942e-06,0
14.75,14.8,0,0,9.84999,-6.08599e-06,0,1.00001,5.25275e-06,0,1,0,0,1.00001,5.25275e-06,0
14.8,14.85,0,0,9.89999,-5.83422e-06,0,1.00001,5.03544e-06,0,1,0,0,1.00001,5.03544e-06,0
14.85,14.9,0,0,9.94999,-5.59286e-06,0,1.00001,4.82713e-06,0,1,0,0,1.00001,4.82713e-06,0
14.9,14.95,0,0,9.99999,-5.36149e-06,0,1.00001,4.62744e-06,0,1,0,0,1.00001,4.62744e-06,0
14.95,15,0,0,10.05,-5.13969e-06,0,1.00001,4.436e-06,0,1,0,0,1.00001,4.436e-06,0
15,15.05,0,0,10.1,-4.92707e-06,0,1.00001,4.25249e-06,0,1,0,0,1.00001,4.25249e-06,0
15.05,15.1,0,0,10.15,-4.72324e-06,0,1.00001,4.07657e-06,0,1,0,0,1.00001,4.07657e-06,0
15.1,15.15,0,0,10.2,-4.52784e-06,0,1.00001,3.90792e-06,0,1,0,0,1.00001,3.90792e-06,0
15.15,15.2,0,0,10.25,-4.34053e-06,0,1.00001,3.74626e-06,0,1,0,0,1.00001,3.74626e-06,0
15.2,15.25,0,0,10.3,-4.16097e-06,0,1.00001,3.59128e-06,0,1,0,0,1.00001,3.59128e-06,0
15.25,15.3,0,0,10.35,-3.98883e-06,0,1,3.44271e-06,0,1,0,0,1,3.44271e-06,0
15.3,15.35,0,0,10.4,-3.82382e-06,0,1,3.30029e-06,0,1,0,0,1,3.30029e-06,0
15.35,15.4,0,0,10.45,-3.66563e-06,0,1,3.16376e-06,0,1,0,0,1,3.16376e-06,0
15.4,15.45,0,0,10.5,-3.51398e-06,0,1,3.03288e-06,0,1,0,0,1,3.03288e-06,0
15.45,15.5,0,0,10.55,-3.36861e-06,0,1,2.90741e-06,0,1,0,0,1,2.90741e-06,0
15.5,15.55,0,0,10.6,-3.22926e-06,0,1,2.78713e-06,0,1,0,0,1,2.78713e-06,0
15.55,15.6,0,0,10.65,-3.09567e-06,0,1,2.67183e-06,0,1,0,0,1,2.67183e-06,0
15.6,15.65,0,0,10.7,-2.9676e-06,0,1,2.5613e-06,0,1,0,0,1,2.5613e-06,0
15.65,15.7,0,0,10.75,-2.84483e-06,0,1,2.45534e-06,0,1,0,0,1,2.45534e-06,0
15.7,15.75,0,0,10.8,-2.72715e-06,0,1,2.35377e-06,0,1,0,0,1,2.35377e-06,0
15.75,15.8,0,0,10.85,-2.61433e-06,0,1,2.25639e-06,0,1,0,0,1,2.25639e-06,0
15.8,15.85,0,0,10.9,-2.50617e-06,0,1,2.16305e-06,0,1,0,0,1,2.16305e-06,0
15.85,15.9,0,0,10.95,-2.4025e-06,0,1,2.07356e-06,0,1,0,0,1,2.07356e-06,0
15.9,15.95,0,0,11,-2.30311e-06,0,1,1.98778e-06,0,1,0,0,1,1.98778e-06,0
15.95,16,0,0,11.05,-2.20783e-06,0,1,1.90555e-06,0,1,0,0,1,1.90555e-06,0
16,16.05,0,0,11.1,-2.11649e-06,0,1,1.82672e-06,0,1,0,0,1,1.82672e-06,0
16.05,16.1,0,0,11.15,-2.02894e-06,0,1,1.75115e-06,0,1,0,0,1,1.75115e-06,0
16.1,16.15,0,0,11.2,-1.945e-06,0,1,1.67871e-06,0,1,0,0,1,1.67871e-06,0
16.15,16.2,0,0,11.25,-1.86454e-06,0,1,1.60926e-06,0,1,0,0,1,1.60926e-06,0
16.2,16.25,0,0,11.3,-1.7874e-06,0,1,1.54269e-06,0,1,0,0,1,1.54269e-06,0
16.25,16.3,0,0,11.35,-1.71346e-06,0,1,1.47887e-06,0,1,0,0,1,1.47887e-06,0
16.3,16.35,0,0,11.4,-1.64258e-06,0,1,1.41769e-06,0,1,0,0,1,1.41769e-06,0
16.35,16.4,0,0,11.45,-1.57462e-06,0,1,1.35904e-06,0,1,0,0,1,1.35904e-06,0
16.4,16.45,0,0,11.5,-1.50948e-06,0,1,1.30282e-06,0,1,0,0,1,1.30282e-06,0
16.45,16.5,0,0,11.55,-1.44704e-06,0,1,1.24892e-06,0,1,0,0,1,1.24892e-06,0
16.5,16.55,0,0,11.6,-1.38717e-06,0,1,1.19725e-06,0,1,0,0,1,1.19725e-06,0
16.55,16.6,0,0,11.65,-1.32979e-06,0,1,1.14772e-06,0,1,0,0,1,1.14772e-06,0
16.6,16.65,0,0,11.7,-1.27478e-06,0,1,1.10024e-06,0,1,0,0,1,1.10024e-06,0
16.65,16.7,0,0,11.75,-1.22204e-06,0,1,1.05473e-06,0,1,0,0,1,1.05473e-06,0
16.7,16.75,0,0,11.8,-1.17148e-06,0,1,1.01109e-06,0,1,0,0,1,1.01109e-06,0
16.75,16.8,0,0,11.85,-1.12302e-06,0,1,9.69266e-07,0,1,0,0,1,9.69266e-07,0
16.8,16.85,0,0,11.9,-1.07656e-06,0,1,9.29168e-07,0,1,0,0,1,9.29168e-07,0
16.85,16.9,0,0,11.95,-1.03203e-06,0,1,8.90729e-07,0,1,0,0,1,8.90729e-07,0
16.9,16.95,0,0,12,-9.89332e-07,0,1,8.5388e-07,0,1,0,0,1,8.5388e-07,0
16.95,17,0,0,12.05,-9.48404e-07,0,1,8.18556e-07,0,1,0,0,1,8.18556e-07,0
17,17.05,0,0,12.1,-9.0917e-07,0,1,7.84693e-07,0,1,0,0,1,7.84693e-07,0
17.05,17.1,0,0,12.15,-8.71558e-07,0,1,7.52231e-07,0,1,0,0,1,7.52231e-07,0
17.1,17.15,0,0,12.2,-8.35503e-07,0,1,7.21112e-07,0,1,0,0,1,7.21112e-07,0
17.15,17.2,0,0,12.25,-8.00939e-07,0,1,6.9128e-07,0,1,0,0,1,6.9128e-07,0
17.2,17.25,0,0,12.3,-7.67805e-07,0,1,6.62683e-07,0,1,0,0,1,6.62683e-07,0
17.25,17.3,0,0,12.35,-7.36041e-07,0,1,6.35268e-07,0,1,0,0,1,6.35268e-07,0
17.3,17.35,0,0,12.4,-7.05592e-07,0,1,6.08988e-07,0,1,0,0,1,6.08988e-07,0
17.35,17.4,0,0,12.45,-6.76402e-07,0,1,5.83794e-07,0,1,0,0,1,5.83794e-07,0
17.4,17.45,0,0,12.5,-6.4842e-07,0,1,5.59643e-07,0,1,0,0,1,5.59643e-07,0
17.45,17.5,0,0,12.55,-6.21595e-07,0,1,5.36491e-07,0,1,0,0,1,5.36491e-07,0
17.5,17.55,0,0,12.6,-5.9588e-07,0,1,5.14297e-07,0,1,0,0,1,5.14297e-07,0
17.55,17.6,0,0,12.65,-5.71229e-07,0,1,4.93021e-07,0,1,0,0,1,4.93021e-07,0
17.6,17.65,0,0,12.7,-5.47598e-07,0,1,4.72625e-07,0,1,0,0,1,4.72625e-07,0
17.65,17.7,0,0,12.75,-5.24944e-07,0,1,4.53073e-07,0,1,0,0,1,4.53073e-07,0
17.7,17.75,0,0,12.8,-5.03228e-07,0,1,4.3433e-07,0,1,0,0,1,4.3433e-07,0
17.75,17.8,0,0,12.85,-4.8241e-07,0,1,4.16362e-07,0,1,0,0,1,4.16362e-07,0
17.8,17.85,0,0,12.9,-4.62453e-07,0,1,3.99137e-07,0,1,0,0,1,3.99137e-07,0
17.85,17.9,0,0,12.95,-4.43322e-07,0,1,3.82626e-07,0,1,0,0,1,3.82626e-07,0
17.9,17.95,0,0,13,-4.24982e-07,0,1,3.66797e-07,0,1,0,0,1,3.66797e-07,0
17.95,18,0,0,13.05,-4.07401e-07,0,1,3.51623e-07,0,1,0,0,1,3.51623e-07,0
18,18.05,0,0,13.1,-3.90547e-07,0,1,3.37076e-07,0,1,0,0,1,3.37076e-07,0
18.05,18.1,0,0,13.15,-3.7439e-07,0,1,3.23132e-07,0,1,0,0,1,3.23132e-07,0
18.1,18.15,0,0,13.2,-3.58902e-07,0,1,3.09764e-07,0,1,0,0,1,3.09764e-07,0
18.15,18.2,0,0,13.25,-3.44055e-07,0,1,2.96949e-07,0,1,0,0,1,2.96949e-07,0
18.2,18.25,0,0,13.3,-3.29821e-07,0,1,2.84665e-07,0,1,0,0,1,2.84665e-07,0
18.25,18.3,0,0,13.35,-3.16177e-07,0,1,2.72888e-07,0,1,0,0,1,2.72888e-07,0
18.3,18.35,0,0,13.4,-3.03097e-07,0,1,2.61599e-07,0,1,0,0,1,2.61599e-07,0
18.35,18.4,0,0,13.45,-2.90558e-07,0,1,2.50777e-07,0,1,0,0,1,2.50777e-07,0
18.4,18.45,0,0,13.5,-2.78538e-07,0,1,2.40403e-07,0,1,0,0,1,2.40403e-07,0
18.45,18.5,0,0,13.55,-2.67015e-07,0,1,2.30458e-07,0,1,0,0,1,2.30458e-07,0
18.5,18.55,0,0,13.6,-2.55969e-07,0,1,2.20924e-07,0,1,0,0,1,2.20924e-07,0
18.55,18.6,0,0,13.65,-2.4538e-07,0,1,2.11784e-07,0,1,0,0,1,2.11784e-07,0
18.6,18.65,0,0,13.7,-2.35229e-07,0,1,2.03023e-07,0,1,0,0,1,2.03023e-07,0
18.65,18.7,0,0,13.75,-2.25497e-07,0,1,1.94624e-07,0,1,0,0,1,1.94624e-07,0
18.7,18.75,0,0,13.8,-2.16169e-07,0,1,1.86573e-07,0,1,0,0,1,1.86573e-07,0
18.75,18.8,0,0,13.85,-2.07226e-07,0,1,1.78854e-07,0,1,0,0,1,1.78854e-07,0
18.8,18.85,0,0,13.9,-1.98653e-07,0,1,1.71455e-07,0,1,0,0,1,1.71455e-07,0
18.85,18.9,0,0,13.95,-1.90435e-07,0,1,1.64362e-07,0,1,0,0,1,1.64362e-07,0
18.9,18.95,0,0,14,-1.82557e-07,0,1,1.57563e-07,0,1,0,0,1,1.57563e-07,0
18.95,19,0,0,14.05,-1.75005e-07,0,1,1.51045e-07,0,1,0,0,1,1.51045e-07,0
19,19.05,0,0,14.1,-1.67765e-07,0,1,1.44796e-07,0,1,0,0,1,1.44796e-07,0
19.05,19.1,0,0,14.15,-1.60825e-07,0,1,1.38806e-07,0,1,0,0,1,1.38806e-07,0
19.1,19.15,0,0,14.2,-1.54172e-07,0,1,1.33064e-07,0,1,0,0,1,1.33064e-07,0
19.15,19.2,0,0,14.25,-1.47794e-07,0,1,1.27559e-07,0,1,0,0,1,1.27559e-07,0
19.2,19.25,0,0,14.3,-1.4168e-07,0,1,1.22282e-07,0,1,0,0,1,1.22282e-07,0
19.25,19.3,0,0,14.35,-1.35818e-07,0,1,1.17223e-07,0,1,0,0,1,1.17223e-07,0
19.3,19.35,0,0,14.4,-1.302e-07,0,1,1.12374e-07,0,1,0,0,1,1.12374e-07,0
19.35,19.4,0,0,14.45,-1.24813e-07,0,1,1.07725e-07,0,1,0,0,1,1.07725e-07,0
19.4,19.45,0,0,14.5,-1.1965e-07,0,1,1.03268e-07,0,1,0,0,1,1.03268e-07,0
19.45,19.5,0,0,14.55,-1.147e-07,0,1,9.89963e-08,0,1,0,0,1,9.89963e-08,0
19.5,19.55,0,0,14.6,-1.09955e-07,0,1,9.49009e-08,0,1,0,0,1,9.49009e-08,0
19.55,19.6,0,0,14.65,-1.05406e-07,0,1,9.0975e-08,0,1,0,0,1,9.0975e-08,0
19.6,19.65,0,0,14.7,-1.01046e-07,0,1,8.72114e-08,0,1,0,0,1,8.72114e-08,0
19.65,19.7,0,0,14.75,-9.68657e-08,0,1,8.36036e-08,0,1,0,0,1,8.36036e-08,0
19.7,19.75,0,0,14.8,-9.28584e-08,0,1,8.0145e-08,0,1,0,0,1,8.0145e-08,0
19.75,19.8,0,0,14.85,-8.9017e-08,0,1,7.68294e-08,0,1,0,0,1,7.68294e-08,0
19.8,19.85,0,0,14.9,-8.53344e-08,0,1,7.36511e-08,0,1,0,0,1,7.36511e-08,0
19.85,19.9,0,0,14.95,-8.18042e-08,0,1,7.06042e-08,0,1,0,0,1,7.06042e-08,0
19.9,19.95,0,0,15,-7.842e-08,0,1,6.76834e-08,0,1,0,0,1,6.76834e-08,0
19.95,20,0,0,15.05,-7.51759e-08,0,1,6.48834e-08,0,1,0,0,1,6.48834e-08,0
20,20.05,0,0,15.1,-7.20659e-08,0,1,6.21992e-08,0,1,0,0,1,6.21992e-08,0
20.05,20.1,0,0,15.15,-6.90846e-08,0,1,5.96261e-08,0,1,0,0,1,5.96261e-08,0
20.1,20.15,0,0,15.2,-6.62266e-08,0,1,5.71594e-08,0,1,0,0,1,5.71594e-08,0
20.15,20.2,0,0,15.25,-6.34869e-08,0,1,5.47947e-08,0,1,0,0,1,5.47947e-08,0
20.2,20.25,0,0,15.3,-6.08605e-08,0,1,5.25279e-08,0,1,0,0,1,5.25279e-08,0
20.25,20.3,0,0,15.35,-5.83427e-08,0,1,5.03549e-08,0,1,0,0,1,5.03549e-08,0
20.3,20.35,0,0,15.4,-5.59292e-08,0,1,4.82718e-08,0,1,0,0,1,4.82718e-08,0
20.35,20.4,0,0,15.45,-5.36154e-08,0,1,4.62748e-08,0,1,0,0,1,4.62748e-08,0
20.4,20.45,0,0,15.5,-5.13974e-08,0,1,4.43605e-08,0,1,0,0,1,4.43605e-08,0
20.45,20.5,0,0,15.55,-4.92711e-08,0,1,4.25253e-08,0,1,0,0,1,4.25253e-08,0
20.5,20.55,0,0,15.6,-4.72328e-08,0,1,4.07661e-08,0,1,0,0,1,4.07661e-08,0
20.55,20.6,0,0,15.65,-4.52788e-08,0,1,3.90796e-08,0,1,0,0,1,3.90796e-08,0
20.6,20.65,0,0,15.7,-4.34057e-08,0,1,3.74629e-08,0,1,0,0,1,3.74629e-08,0
20.65,20.7,0,0,15.75,-4.161e-08,0,1,3.59131e-08,0,1,0,0,1,3.59131e-08,0
20.7,20.75,0,0,15.8,-3.98887e-08,0,1,3.44274e-08,0,1,0,0,1,3.44274e-08,0
20.75,20.8,0,0,15.85,-3.82385e-08,0,1,3.30032e-08,0,1,0,0,1,3.30032e-08,0
20.8,20.85,0,0,15.9,-3.66566e-08,0,1,3.16379e-08,0,1,0,0,1,3.16379e-08,0
20.85,20.9,0,0,15.95,-3.51402e-08,0,1,3.0329e-08,0,1,0,0,1,3.0329e-08,0
20.9,20.95,0,0,16,-3.36864e-08,0,1,2.90744e-08,0,1,0,0,1,2.90744e-08,0
20.95,21,0,0,16.05,-3.22929e-08,0,1,2.78716e-08,0,1,0,0,1,2.78716e-08,0
21,21.05,0,0,16.1,-3.09569e-08,0,1,2.67186e-08,0,1,0,0,1,2.67186e-08,0
21.05,21.1,0,0,16.15,-2.96763e-08,0,1,2.56132e-08,0,1,0,0,1,2.56132e-08,0
21.1,21.15,0,0,16.2,-2.84486e-08,0,1,2.45536e-08,0,1,0,0,1,2.45536e-08,0
21.15,21.2,0,0,16.25,-2.72717e-08,0,1,2.35379e-08,0,1,0,0,1,2.35379e-08,0
21.2,21.25,0,0,16.3,-2.61435e-08,0,1,2.25641e-08,0,1,0,0,1,2.25641e-08,0
21.25,21.3,0,0,16.35,-2.5062e-08,0,1,2.16307e-08,0,1,0,0,1,2.16307e-08,0
21.3,21.35,0,0,16.4,-2.40252e-08,0,1,2.07358e-08,0,1,0,0,1,2.07358e-08,0
21.35,21.4,0,0,16.45,-2.30313e-08,0,1,1.9878e-08,0,1,0,0,1,1.9878e-08,0
21.4,21.45,0,0,16.5,-2.20785e-08,0,1,1.90557e-08,0,1,0,0,1,1.90557e-08,0
21.45,21.5,0,0,16.55,-2.11651e-08,0,1,1.82674e-08,0,1,0,0,1,1.82674e-08,0
21.5,21.55,0,0,16.6,-2.02895e-08,0,1,1.75117e-08,0,1,0,0,1,1.75117e-08,0
21.55,21.6,0,0,16.65,-1.94502e-08,0,1,1.67872e-08,0,1,0,0,1,1.67872e-08,0
21.6,21.65,0,0,16.7,-1.86455e-08,0,1,1.60927e-08,0,1,0,0,1,1.60927e-08,0
21.65,21.7,0,0,16.75,-1.78742e-08,0,1,1.5427e-08,0,1,0,0,1,1.5427e-08,0
21.7,21.75,0,0,16.8,-1.71348e-08,0,1,1.47888e-08,0,1,0,0,1,1.47888e-08,0
21.75,21.8,0,0,16.85,-1.64259e-08,0,1,1.4177e-08,0,1,0,0,1,1.4177e-08,0
21.8,21.85,0,0,16.9,-1.57464e-08,0,1,1.35905e-08,0,1,0,0,1,1.35905e-08,0
21.85,21.9,0,0,16.95,-1.5095e-08,0,1,1.30283e-08,0,1,0,0,1,1.30283e-08,0
21.9,21.95,0,0,17,-1.44705e-08,0,1,1.24893e-08,0,1,0,0,1,1.24893e-08,0
21.95,22,0,0,17.05,-1.38719e-08,0,1,1.19726e-08,0,1,0,0,1,1.19726e-08,0
22,22.05,0,0,17.1,-1.3298e-08,0,1,1.14773e-08,0,1,0,0,1,1.14773e-08,0
22.05,22.1,0,0,17.15,-1.27479e-08,0,1,1.10025e-08,0,1,0,0,1,1.10025e-08,0
22.1,22.15,0,0,17.2,-1.22205e-08,0,1,1.05474e-08,0,1,0,0,1,1.05474e-08,0
22.15,22.2,0,0,17.25,-1.1715e-08,0,1,1.0111e-08,0,1,0,0,1,1.0111e-08,0
22.2,22.25,0,0,17.3,-1.12303e-08,0,1,9.69275e-09,0,1,0,0,1,9.69275e-09,0
22.25,22.3,0,0,17.35,-1.07657e-08,0,1,9.29177e-09,0,1,0,0,1,9.29177e-09,0
22.3,22.35,0,0,17.4,-1.03204e-08,0,1,8.90737e-09,0,1,0,0,1,8.90737e-09,0
22.35,22.4,0,0,17.45,-9.89341e-09,0,1,8.53888e-09,0,1,0,0,1,8.53888e-09,0
22.4,22.45,0,0,17.5,-9.48413e-09,0,1,8.18564e-09,0,1,0,0,1,8.18564e-09,0
22.45,22.5,0,0,17.55,-9.09178e-09,0,1,7.847e-09,0,1,0,0,1,7.847e-09,0
22.5,22.55,0,0,17.6,-8.71566e-09,0,1,7.52238e-09,0,1,0,0,1,7.52238e-09,0
22.55,22.6,0,0,17.65,-8.3551e-09,0,1,7.21119e-09,0,1,0,0,1,7.21119e-09,0
22.6,22.65,0,0,17.7,-8.00946e-09,0,1,6.91287e-09,0,1,0,0,1,6.91287e-09,0
22.65,22.7,0,0,17.75,-7.67812e-09,0,1,6.62689e-09,0,1,0,0,1,6.62689e-09,0
22.7,22.75,0,0,17.8,-7.36048e-09,0,1,6.35274e-09,0,1,0,0,1,6.35274e-09,0
22.75,22.8,0,0,17.85,-7.05598e-09,0,1,6.08993e-09,0,1,0,0,1,6.08993e-09,0
22.8,22.85,0,0,17.9,-6.76408e-09,0,1,5.838e-09,0,1,0,0,1,5.838e-09,0
22.85,22.9,0,0,17.95,-6.48426e-09,0,1,5.59648e-09,0,1,0,0,1,5.59648e-09,0
22.9,22.95,0,0,18,-6.21601e-09,0,1,5.36496e-09,0,1,0,0,1,5.36496e-09,0
22.95,23,0,0,18.05,-5.95886e-09,0,1,5.14302e-09,0,1,0,0,1,5.14302e-09,0
23,23.05,0,0,18.1,-5.71235e-09,0,1,4.93026e-09,0,1,0,0,1,4.93026e-09,0
23.05,23.1,0,0,18.15,-5.47603e-09,0,1,4.7263e-09,0,1,0,0,1,4.7263e-09,0
23.1,23.15,0,0,18.2,-5.24949e-09,0,1,4.53077e-09,0,1,0,0,1,4.53077e-09,0
23.15,23.2,0,0,18.25,-5.03233e-09,0,1,4.34334e-09,0,1,0,0,1,4.34334e-09,0
23.2,23.25,0,0,18.3,-4.82414e-09,0,1,4.16366e-09,0,1,0,0,1,4.16366e-09,0
23.25,23.3,0,0,18.35,-4.62457e-09,0,1,3.99141e-09,0,1,0,0,1,3.99141e-09,0
23.3,23.35,0,0,18.4,-4.43326e-09,0,1,3.82629e-09,0,1,0,0,1,3.82629e-09,0
23.35,23.4,0,0,18.45,-4.24986e-09,0,1,3.668e-09,0,1,0,0,1,3.668e-09,0
23.4,23.45,0,0,18.5,-4.07405e-09,0,1,3.51626e-09,0,1,0,0,1,3.51626e-09,0
23.45,23.5,0,0,18.55,-3.90551e-09,0,1,3.37079e-09,0,1,0,0,1,3.37079e-09,0
23.5,23.55,0,0,18.6,-3.74394e-09,0,1,3.23135e-09,0,1,0,0,1,3.23135e-09,0
23.55,23.6,0,0,18.65,-3.58905e-09,0,1,3.09767e-09,0,1,0,0,1,3.09767e-09,0
23.6,23.65,0,0,18.7,-3.44058e-09,0,1,2.96952e-09,0,1,0,0,1,2.96952e-09,0
23.65,23.7,0,0,18.75,-3.29825e-09,0,1,2.84667e-09,0,1,0,0,1,2.84667e-09,0
23.7,23.75,0,0,18.8,-3.1618e-09,0,1,2.72891e-09,0,1,0,0,1,2.72891e-09,0
23.75,23.8,0,0,18.85,-3.031e-09,0,1,2.61602e-09,0,1,0,0,1,2.61602e-09,0
23.8,23.85,0,0,18.9,-2.90561e-09,0,1,2.5078e-09,0,1,0,0,1,2.5078e-09,0
23.85,23.9,0,0,18.95,-2.78541e-09,0,1,2.40405e-09,0,1,0,0,1,2.40405e-09,0
23.9,23.95,0,0,19,-2.67018e-09,0,1,2.3046e-09,0,1,0,0,1,2.3046e-09,0
23.95,24,0,0,19.05,-2.55971e-09,0,1,2.20926e-09,0,1,0,0,1,2.20926e-09,0
24,24.05,0,0,19.1,-2.45382e-09,0,1,2.11786e-09,0,1,0,0,1,2.11786e-09,0
24.05,24.1,0,0,19.15,-2.35231e-09,0,1,2.03025e-09,0,1,0,0,1,2.03025e-09,0
24.1,24.15,0,0,19.2,-2.255e-09,0,1,1.94626e-09,0,1,0,0,1,1.94626e-09,0
24.15,24.2,0,0,19.25,-2.16171e-09,0,1,1.86574e-09,0,1,0,0,1,1.86574e-09,0
24.2,24.25,0,0,19.3,-2.07228e-09,0,1,1.78856e-09,0,1,0,0,1,1.78856e-09,0
24.25,24.3,0,0,19.35,-1.98655e-09,0,1,1.71457e-09,0,1,0,0,1,1.71457e-09,0
24.3,24.35,0,0,19.4,-1.90437e-09,0,1,1.64364e-09,0,1,0,0,1,1.64364e-09,0
24.35,24.4,0,0,19.45,-1.82559e-09,0,1,1.57564e-09,0,1,0,0,1,1.57564e-09,0
24.4,24.45,0,0,19.5,-1.75006e-09,0,1,1.51046e-09,0,1,0,0,1,1.51046e-09,0
24.45,24.5,0,0,19.55,-1.67767e-09,0,1,1.44797e-09,0,1,0,0,1,1.44797e-09,0
24.5,24.55,0,0,19.6,-1.60826e-09,0,1,1.38807e-09,0,1,0,0,1,1.38807e-09,0
24.55,24.6,0,0,19.65,-1.54173e-09,0,1,1.33065e-09,0,1,0,0,1,1.33065e-09,0
24.6,24.65,0,0,19.7,-1.47795e-09,0,1,1.2756e-09,0,1,0,0,1,1.2756e-09,0
24.65,24.7,0,0,19.75,-1.41681e-09,0,1,1.22283e-09,0,1,0,0,1,1.22283e-09,0
24.7,24.75,0,0,19.8,-1.3582e-09,0,1,1.17224e-09,0,1,0,0,1,1.17224e-09,0
24.75,24.8,0,0,19.85,-1.30201e-09,0,1,1.12375e-09,0,1,0,0,1,1.12375e-09,0
24.8,24.85,0,0,19.9,-1.24815e-09,0,1,1.07726e-09,0,1,0,0,1,1.07726e-09,0
24.85,24.9,0,0,19.95,-1.19651e-09,0,1,1.03269e-09,0,1,0,0,1,1.03269e-09,0
24.9,24.95,0,0,20,-1.14701e-09,0,1,9.89973e-10,0,1,0,0,1,9.89973e-10,0
24.95,25,0,0,20.05,-1.09956e-09,0,1,9.49018e-10,0,1,0,0,1,9.49018e-10,0
25,25.05,0,0,20.1,-1.05407e-09,0,1,9.09758e-10,0,1,0,0,1,9.09758e-10,0
25.05,25.1,0,0,20.15,-1.01047e-09,0,1,8.72122e-10,0,1,0,0,1,8.72122e-10,0
25.1,25.15,0,0,20.2,-9.68666e-10,0,1,8.36043e-10,0,1,0,0,1,8.36043e-10,0
25.15,25.2,0,0,20.25,-9.28593e-10,0,1,8.01457e-10,0,1,0,0,1,8.01457e-10,0
25.2,25.25,0,0,20.3,-8.90178e-10,0,1,7.68301e-10,0,1,0,0,1,7.68301e-10,0
25.25,25.3,0,0,20.35,-8.53352e-10,0,1,7.36517e-10,0,1,0,0,1,7.36517e-10,0
25.3,25.35,0,0,20.4,-8.18049e-10,0,1,7.06048e-10,0,1,0,0,1,7.06048e-10,0
25.35,25.4,0,0,20.45,-7.84207e-10,0,1,6.7684e-10,0,1,0,0,1,6.7684e-10,0
25.4,25.45,0,0,20.5,-7.51766e-10,0,1,6.4884e-10,0,1,0,0,1,6.4884e-10,0
25.45,25.5,0,0,20.55,-7.20666e-10,0,1,6.21998e-10,0,1,0,0,1,6.21998e-10,0
25.5,25.55,0,0,20.6,-6.90852e-10,0,1,5.96266e-10,0,1,0,0,1,5.96266e-10,0
25.55,25.6,0,0,20.65,-6.62272e-10,0,1,5.71599e-10,0,1,0,0,1,5.71599e-10,0
25.6,25.65,0,0,20.7,-6.34875e-10,0,1,5.47953e-10,0,1,0,0,1,5.47953e-10,0
25.65,25.7,0,0,20.75,-6.08611e-10,0,1,5.25284e-10,0,1,0,0,1,5.25284e-10,0
25.7,25.75,0,0,20.8,-5.83433e-10,0,1,5.03554e-10,0,1,0,0,1,5.03554e-10,0
25.75,25.8,0,0,20.85,-5.59297e-10,0,1,4.82722e-10,0,1,0,0,1,4.82722e-10,0
25.8,25.85,0,0,20.9,-5.36159e-10,0,1,4.62752e-10,0,1,0,0,1,4.62752e-10,0
25.85,25.9,0,0,20.95,-5.13979e-10,0,1,4.43609e-10,0,1,0,0,1,4.43609e-10,0
25.9,25.95,0,0,21,-4.92716e-10,0,1,4.25257e-10,0,1,0,0,1,4.25257e-10,0
25.95,26,0,0,21.05,-4.72333e-10,0,1,4.07664e-10,0,1,0,0,1,4.07664e-10,0
26,26.05,0,0,21.1,-4.52793e-10,0,1,3.908e-10,0,1,0,0,1,3.908e-10,0
26.05,26.1,0,0,21.15,-4.34061e-10,0,1,3.74633e-10,0,1,0,0,1,3.74633e-10,0
26.1,26.15,0,0,21.2,-4.16104e-10,0,1,3.59134e-10,0,1,0,0,1,3.59134e-10,0
26.15,26.2,0,0,21.25,-3.9889e-10,0,1,3.44277e-10,0,1,0,0,1,3.44277e-10,0
26.2,26.25,0,0,21.3,-3.82389e-10,0,1,3.30035e-10,0,1,0,0,1,3.30035e-10,0
26.25,26.3,0,0,21.35,-3.6657e-10,0,1,3.16382e-10,0,1,0,0,1,3.16382e-10,0
26.3,26.35,0,0,21.4,-3.51405e-10,0,1,3.03293e-10,0,1,0,0,1,3.03293e-10,0
26.35,26.4,0,0,21.45,-3.36868e-10,0,1,2.90746e-10,0,1,0,0,1,2.90746e-10,0
26.4,26.45,0,0,21.5,-3.22932e-10,0,1,2.78718e-10,0,1,0,0,1,2.78718e-10,0
26.45,26.5,0,0,21.55,-3.09572e-10,0,1,2.67188e-10,0,1,0,0,1,2.67188e-10,0
26.5,26.55,0,0,21.6,-2.96766e-10,0,1,2.56135e-10,0,1,0,0,1,2.56135e-10,0
26.55,26.6,0,0,21.65,-2.84489e-10,0,1,2.45539e-10,0,1,0,0,1,2.45539e-10,0
26.6,26.65,0,0,21.7,-2.7272e-10,0,1,2.35381e-10,0,1,0,0,1,2.35381e-10,0
26.65,26.7,0,0,21.75,-2.61437e-10,0,1,2.25643e-10,0,1,0,0,1,2.25643e-10,0
26.7,26.75,0,0,21.8,-2.50622e-10,0,1,2.16309e-10,0,1,0,0,1,2.16309e-10,0
26.75,26.8,0,0,21.85,-2.40254e-10,0,1,2.0736e-10,0,1,0,0,1,2.0736e-10,0
26.8,26.85,0,0,21.9,-2.30315e-10,0,1,1.98782e-10,0,1,0,0,1,1.98782e-10,0
26.85,26.9,0,0,21.95,-2.20787e-10,0,1,1.90558e-10,0,1,0,0,1,1.90558e-10,0
26.9,26.95,0,0,22,-2.11653e-10,0,1,1.82675e-10,0,1,0,0,1,1.82675e-10,0
26.95,27,0,0,22.05,-2.02897e-10,0,1,1.75118e-10,0,1,0,0,1,1.75118e-10,0
27,27.05,0,0,22.1,-1.94504e-10,0,1,1.67874e-10,0,1,0,0,1,1.67874e-10,0
27.05,27.1,0,0,22.15,-1.86457e-10,0,1,1.60929e-10,0,1,0,0,1,1.60929e-10,0
27.1,27.15,0,0,22.2,-1.78744e-10,0,1,1.54271e-10,0,1,0,0,1,1.54271e-10,0
27.15,27.2,0,0,22.25,-1.71349e-10,0,1,1.47889e-10,0,1,0,0,1,1.47889e-10,0
27.2,27.25,0,0,22.3,-1.64261e-10,0,1,1.41771e-10,0,1,0,0,1,1.41771e-10,0
27.25,27.3,0,0,22.35,-1.57465e-10,0,1,1.35906e-10,0,1,0,0,1,1.35906e-10,0
27.3,27.35,0,0,22.4,-1.50951e-10,0,1,1.30284e-10,0,1,0,0,1,1.30284e-10,0
27.35,27.4,0,0,22.45,-1.44706e-10,0,1,1.24894e-10,0,1,0,0,1,1.24894e-10,0
27.4,27.45,0,0,22.5,-1.3872e-10,0,1,1.19727e-10,0,1,0,0,1,1.19727e-10,0
27.45,27.5,0,0,22.55,-1.32981e-10,0,1,1.14774e-10,0,1,0,0,1,1.14774e-10,0
27.5,27.55,0,0,22.6,-1.2748e-10,0,1,1.10026e-10,0,1,0,0,1,1.10026e-10,0
27.55,27.6,0,0,22.65,-1.22206e-10,0,1,1.05475e-10,0,1,0,0,1,1.05475e-10,0
27.6,27.65,0,0,22.7,-1.17151e-10,0,1,1.01111e-10,0,1,0,0,1,1.01111e-10,0
27.65,27.7,0,0,22.75,-1.12304e-10,0,1,9.69284e-11,0,1,0,0,1,9.69284e-11,0
27.7,27.75,0,0,22.8,-1.07658e-10,0,1,9.29185e-11,0,1,0,0,1,9.29185e-11,0
27.75,27.8,0,0,22.85,-1.03205e-10,0,1,8.90746e-11,0,1,0,0,1,8.90746e-11,0
27.8,27.85,0,0,22.9,-9.89351e-11,0,1,8.53896e-11,0,1,0,0,1,8.53896e-11,0
27.85,27.9,0,0,22.95,-9.48422e-11,0,1,8.18571e-11,0,1,0,0,1,8.18571e-11,0
27.9,27.95,0,0,23,-9.09187e-11,0,1,7.84708e-11,0,1,0,0,1,7.84708e-11,0
27.95,28,0,0,23.05,-8.71574e-11,0,1,7.52245e-11,0,1,0,0,1,7.52245e-11,0
28,28.05,0,0,23.1,-8.35518e-11,0,1,7.21125e-11,0,1,0,0,1,7.21125e-11,0
28.05,28.1,0,0,23.15,-8.00953e-11,0,1,6.91293e-11,0,1,0,0,1,6.91293e-11,0
28.1,28.15,0,0,23.2,-7.67819e-11,0,1,6.62695e-11,0,1,0,0,1,6.62695e-11,0
28.15,28.2,0,0,23.25,-7.36055e-11,0,1,6.3528e-11,0,1,0,0,1,6.3528e-11,0
28.2,28.25,0,0,23.3,-7.05605e-11,0,1,6.08999e-11,0,1,0,0,1,6.08999e-11,0
28.25,28.3,0,0,23.35,-6.76415e-11,0,1,5.83805e-11,0,1,0,0,1,5.83805e-11,0
28.3,28.35,0,0,23.4,-6.48432e-11,0,1,5.59654e-11,0,1,0,0,1,5.59654e-11,0
28.35,28.4,0,0,23.45,-6.21607e-11,0,1,5.36501e-11,0,1,0,0,1,5.36501e-11,0
28.4,28.45,0,0,23.5,-5.95891e-11,0,1,5.14307e-11,0,1,0,0,1,5.14307e-11,0
28.45,28.5,0,0,23.55,-5.7124e-11,0,1,4.9303e-11,0,1,0,0,1,4.9303e-11,0
28.5,28.55,0,0,23.6,-5.47608e-11,0,1,4.72634e-11,0,1,0,0,1,4.72634e-11,0
28.55,28.6,0,0,23.65,-5.24954e-11,0,1,4.53081e-11,0,1,0,0,1,4.53081e-11,0
28.6,28.65,0,0,23.7,-5.03237e-11,0,1,4.34338e-11,0,1,0,0,1,4.34338e-11,0
28.65,28.7,0,0,23.75,-4.82419e-11,0,1,4.1637e-11,0,1,0,0,1,4.1637e-11,0
28.7,28.75,0,0,23.8,-4.62462e-11,0,1,3.99145e-11,0,1,0,0,1,3.99145e-11,0
28.75,28.8,0,0,23.85,-4.4333e-11,0,1,3.82633e-11,0,1,0,0,1,3.82633e-11,0
28.8,28.85,0,0,23.9,-4.2499e-11,0,1,3.66803e-11,0,1,0,0,1,3.66803e-11,0
28.85,28.9,0,0,23.95,-4.07408e-11,0,1,3.51629e-11,0,1,0,0,1,3.51629e-11,0
28.9,28.95,0,0,24,-3.90554e-11,0,1,3.37083e-11,0,1,0,0,1,3.37083e-11,0
28.95,29,0,0,24.05,-3.74397e-11,0,1,3.23138e-11,0,1,0,0,1,3.23138e-11,0
29,29.05,0,0,24.1,-3.58909e-11,0,1,3.0977e-11,0,1,0,0,1,3.0977e-11,0
29.05,29.1,0,0,24.15,-3.44061e-11,0,1,2.96955e-11,0,1,0,0,1,2.96955e-11,0
29.1,29.15,0,0,24.2,-3.29828e-11,0,1,2.8467e-11,0,1,0,0,1,2.8467e-11,0
29.15,29.2,0,0,24.25,-3.16183e-11,0,1,2.72894e-11,0,1,0,0,1,2.72894e-11,0
29.2,29.25,0,0,24.3,-3.03103e-11,0,1,2.61604e-11,0,1,0,0,1,2.61604e-11,0
29.25,29.3,0,0,24.35,-2.90564e-11,0,1,2.50782e-11,0,1,0,0,1,2.50782e-11,0
29.3,29.35,0,0,24.4,-2.78543e-11,0,1,2.40407e-11,0,1,0,0,1,2.40407e-11,0
29.35,29.4,0,0,24.45,-2.6702e-11,0,1,2.30462e-11,0,1,0,0,1,2.30462e-11,0
29.4,29.45,0,0,24.5,-2.55974e-11,0,1,2.20928e-11,0,1,0,0,1,2.20928e-11,0
29.45,29.5,0,0,24.55,-2.45384e-11,0,1,2.11788e-11,0,1,0,0,1,2.11788e-11,0
29.5,29.55,0,0,24.6,-2.35233e-11,0,1,2.03027e-11,0,1,0,0,1,2.03027e-11,0
29.55,29.6,0,0,24.65,-2.25502e-11,0,1,1.94628e-11,0,1,0,0,1,1.94628e-11,0
29.6,29.65,0,0,24.7,-2.16173e-11,0,1,1.86576e-11,0,1,0,0,1,1.86576e-11,0
29.65,29.7,0,0,24.75,-2.0723e-11,0,1,1.78858e-11,0,1,0,0,1,1.78858e-11,0
29.7,29.75,0,0,24.8,-1.98657e-11,0,1,1.71458e-11,0,1,0,0,1,1.71458e-11,0
29.75,29.8,0,0,24.85,-1.90439e-11,0,1,1.64365e-11,0,1,0,0,1,1.64365e-11,0
29.8,29.85,0,0,24.9,-1.8256e-11,0,1,1.57566e-11,0,1,0,0,1,1.57566e-11,0
29.85,29.9,0,0,24.95,-1.75008e-11,0,1,1.51047e-11,0,1,0,0,1,1.51047e-11,0
29.9,29.95,0,0,25,-1.67768e-11,0,1,1.44799e-11,0,1,0,0,1,1.44799e-11,0
29.95,30,0,0,25.05,-1.60828e-11,0,1,1.38808e-11,0,1,0,0,1,1.38808e-11,0
